﻿<?xml version="1.0" encoding="utf-8"?>
<ProductionCap>
	<Buildings>
		<Building>
			<Name>Apothecary Shop</Name>
			<Resources>
				<Resource>
					<Name>Medicine</Name>
					<StopAt>50</StopAt>
					<ResumeAt>10</ResumeAt>
				</Resource>
			</Resources>
		</Building>
		<Building>
			<Name>Cooper</Name>
			<Resources>
				<Resource>
					<Name>Barrel</Name>
					<StopAt>50</StopAt>
					<ResumeAt>10</ResumeAt>
				</Resource>
			</Resources>
		</Building>
		<Building>
			<Name>Fishing Shack</Name>
			<Resources>
				<Resource>
					<Name>Fish</Name>
					<StopAt>10000</StopAt>
					<ResumeAt>200</ResumeAt>
				</Resource>
			</Resources>
		</Building>
		<Building>
			<Name>Smokehouse</Name>
			<Resources>
				<Resource>
					<Name>Smoked Meat</Name>
					<StopAt>1000</StopAt>
					<ResumeAt>200</ResumeAt>
				</Resource>
				<Resource>
					<Name>Smoked Fish</Name>
					<StopAt>1000</StopAt>
					<ResumeAt>200</ResumeAt>
				</Resource>
			</Resources>
		</Building>
		<Building>
			<Name>Windmill</Name>
			<Resources>
				<Resource>
					<Name>Flour</Name>
					<StopAt>10000</StopAt>
					<ResumeAt>200</ResumeAt>
				</Resource>
			</Resources>
		</Building>
		<Building>
			<Name>Bakery</Name>
			<Resources>
				<Resource>
					<Name>Bread</Name>
					<StopAt>10000</StopAt>
					<ResumeAt>200</ResumeAt>
				</Resource>
			</Resources>
		</Building>
		<Building>
			<Name>Cheesemaker</Name>
			<Resources>
				<Resource>
					<Name>Cheese</Name>
					<StopAt>10000</StopAt>
					<ResumeAt>200</ResumeAt>
				</Resource>
			</Resources>
		</Building>
		<Building>
			<Name>Firewood Splitter</Name>
			<Resources>
				<Resource>
					<Name>Firewood</Name>
					<StopAt>10000</StopAt>
					<ResumeAt>200</ResumeAt>
				</Resource>
			</Resources>
		</Building>
		<Building>
			<Name>Saw Pit</Name>
			<Resources>
				<Resource>
					<Name>Plank</Name>
					<StopAt>10000</StopAt>
					<ResumeAt>200</ResumeAt>
				</Resource>
			</Resources>
		</Building>
		<Building>
			<Name>Tannery</Name>
			<Resources>
				<Resource>
					<Name>Hide Coat</Name>
					<StopAt>10000</StopAt>
					<ResumeAt>200</ResumeAt>
				</Resource>
			</Resources>
		</Building>
		<Building>
			<Name>Cobbler Shop</Name>
			<Resources>
				<Resource>
					<Name>Shoes</Name>
					<StopAt>10000</StopAt>
					<ResumeAt>200</ResumeAt>
				</Resource>
			</Resources>
		</Building>
		<Building>
			<Name>Fletcher Building</Name>
			<Resources>
				<Resource>
					<Name>Arrows</Name>
					<StopAt>500</StopAt>
					<ResumeAt>50</ResumeAt>
				</Resource>
				<Resource>
					<Name>Bow</Name>
					<StopAt>100</StopAt>
					<ResumeAt>10</ResumeAt>
				</Resource>
				<Resource>
					<Name>Crossbow</Name>
					<StopAt>100</StopAt>
					<ResumeAt>10</ResumeAt>
				</Resource>
			</Resources>
		</Building>
		<Building>
			<Name>Basket Shop</Name>
			<Resources>
				<Resource>
					<Name>Basket</Name>
					<StopAt>1000</StopAt>
					<ResumeAt>200</ResumeAt>
				</Resource>
			</Resources>
		</Building>
		<Building>
			<Name>Potter Building</Name>
			<Resources>
				<Resource>
					<Name>Pottery</Name>
					<StopAt>1000</StopAt>
					<ResumeAt>200</ResumeAt>
				</Resource>
			</Resources>
		</Building>
		<Building>
			<Name>Candle Shop</Name>
			<Resources>
				<Resource>
					<Name>Candle</Name>
					<StopAt>1000</StopAt>
					<ResumeAt>200</ResumeAt>
				</Resource>
			</Resources>
		</Building>
		<Building>
			<Name>Weaver Building</Name>
			<Resources>
				<Resource>
					<Name>Linen Clothes</Name>
					<StopAt>1000</StopAt>
					<ResumeAt>200</ResumeAt>
				</Resource>
			</Resources>
		</Building>
		<Building>
			<Name>Soap Shop</Name>
			<Resources>
				<Resource>
					<Name>Soap</Name>
					<StopAt>1000</StopAt>
					<ResumeAt>200</ResumeAt>
				</Resource>
			</Resources>
		</Building>
		<Building>
			<Name>Armory</Name>
			<Resources>
				<Resource>
					<Name>Shields</Name>
					<StopAt>100</StopAt>
					<ResumeAt>20</ResumeAt>
				</Resource>
				<Resource>
					<Name>Hauberks</Name>
					<StopAt>100</StopAt>
					<ResumeAt>20</ResumeAt>
				</Resource>
				<Resource>
					<Name>Platemail Armor</Name>
					<StopAt>100</StopAt>
					<ResumeAt>20</ResumeAt>
				</Resource>
			</Resources>
		</Building>
		<Building>
			<Name>Furniture Workshop</Name>
			<Resources>
				<Resource>
					<Name>Furniture</Name>
					<StopAt>1000</StopAt>
					<ResumeAt>200</ResumeAt>
				</Resource>
			</Resources>
		</Building>
		<Building>
			<Name>Brewery</Name>
			<Resources>
				<Resource>
					<Name>Beer</Name>
					<StopAt>1000</StopAt>
					<ResumeAt>200</ResumeAt>
				</Resource>
			</Resources>
		</Building>
		<Building>
			<Name>Foundary</Name>
			<Resources>
				<Resource>
					<Name>Iron Ingot</Name>
					<StopAt>1000</StopAt>
					<ResumeAt>200</ResumeAt>
				</Resource>
				<Resource>
					<Name>Gold Ingot</Name>
					<StopAt>10000000</StopAt>
					<ResumeAt>200</ResumeAt>
				</Resource>
			</Resources>
		</Building>
		<Building>
			<Name>Blacksmith Forge</Name>
			<Resources>
				<Resource>
					<Name>Tools</Name>
					<StopAt>100</StopAt>
					<ResumeAt>20</ResumeAt>
				</Resource>
				<Resource>
					<Name>Heavy Tools</Name>
					<StopAt>50</StopAt>
					<ResumeAt>20</ResumeAt>
				</Resource>
				<Resource>
					<Name>Weapons</Name>
					<StopAt>100</StopAt>
					<ResumeAt>20</ResumeAt>
				</Resource>
				<Resource>
					<Name>Heavy Weapons</Name>
					<StopAt>100</StopAt>
					<ResumeAt>20</ResumeAt>
				</Resource>
			</Resources>
		</Building>
		<Building>
			<Name>Brickyard</Name>
			<Resources>
				<Resource>
					<Name>Bricks</Name>
					<StopAt>1000</StopAt>
					<ResumeAt>200</ResumeAt>
				</Resource>
			</Resources>
		</Building>
		<Building>
			<Name>Glassmaker</Name>
			<Resources>
				<Resource>
					<Name>Glass</Name>
					<StopAt>1000</StopAt>
					<ResumeAt>200</ResumeAt>
				</Resource>
			</Resources>
		</Building>
	</Buildings>
</ProductionCap>